{
    "auth": {
        "joulicareportingad331624": {
            "service": "Cognito",
            "providerPlugin": "awscloudformation",
            "dependsOn": []
        },
        "userPoolGroups": {
            "service": "Cognito-UserPool-Groups",
            "providerPlugin": "awscloudformation",
            "dependsOn": [
                {
                    "category": "auth",
                    "resourceName": "joulicareportingad331624",
                    "attributes": [
                        "UserPoolId",
                        "AppClientIDWeb",
                        "AppClientID",
                        "IdentityPoolId"
                    ]
                }
            ]
        }
    }
}