
{
  "header": {
    "reportVersion": 1,
    "event": "Allocation failed - JavaScript heap out of memory",
    "trigger": "FatalError",
    "filename": "report.20200203.144406.41524.0.001.json",
    "dumpEventTime": "2020-02-03T14:44:06Z",
    "dumpEventTimeStamp": "1580741046668",
    "processId": 41524,
    "cwd": "C:\\Users\\DamienKelly\\Desktop\\ReportingWidget",
    "commandLine": [
      "node",
      "C:\\Users\\DamienKelly\\Desktop\\ReportingWidget\\node_modules\\.bin\\\\..\\@angular\\cli\\bin\\ng",
      "build",
      "--prod",
      "--sourceMap=true"
    ],
    "nodejsVersion": "v12.14.1",
    "wordSize": 64,
    "arch": "x64",
    "platform": "win32",
    "componentVersions": {
      "node": "12.14.1",
      "v8": "7.7.299.13-node.16",
      "uv": "1.33.1",
      "zlib": "1.2.11",
      "brotli": "1.0.7",
      "ares": "1.15.0",
      "modules": "72",
      "nghttp2": "1.40.0",
      "napi": "5",
      "llhttp": "2.0.1",
      "http_parser": "2.8.0",
      "openssl": "1.1.1d",
      "cldr": "35.1",
      "icu": "64.2",
      "tz": "2019c",
      "unicode": "12.1"
    },
    "release": {
      "name": "node",
      "lts": "Erbium",
      "headersUrl": "https://nodejs.org/download/release/v12.14.1/node-v12.14.1-headers.tar.gz",
      "sourceUrl": "https://nodejs.org/download/release/v12.14.1/node-v12.14.1.tar.gz",
      "libUrl": "https://nodejs.org/download/release/v12.14.1/win-x64/node.lib"
    },
    "osName": "Windows_NT",
    "osRelease": "10.0.18362",
    "osVersion": "Windows 10 Pro",
    "osMachine": "x86_64",
    "cpus": [
      {
        "model": "Intel(R) Core(TM) i7-8550U CPU @ 1.80GHz",
        "speed": 1992,
        "user": 19633140,
        "nice": 0,
        "sys": 10466296,
        "idle": 137269593,
        "irq": 605921
      },
      {
        "model": "Intel(R) Core(TM) i7-8550U CPU @ 1.80GHz",
        "speed": 1992,
        "user": 18965656,
        "nice": 0,
        "sys": 7269000,
        "idle": 141134093,
        "irq": 61203
      },
      {
        "model": "Intel(R) Core(TM) i7-8550U CPU @ 1.80GHz",
        "speed": 1992,
        "user": 34194484,
        "nice": 0,
        "sys": 12368796,
        "idle": 120805437,
        "irq": 79468
      },
      {
        "model": "Intel(R) Core(TM) i7-8550U CPU @ 1.80GHz",
        "speed": 1992,
        "user": 27951937,
        "nice": 0,
        "sys": 8970578,
        "idle": 130446218,
        "irq": 40687
      },
      {
        "model": "Intel(R) Core(TM) i7-8550U CPU @ 1.80GHz",
        "speed": 1992,
        "user": 22424812,
        "nice": 0,
        "sys": 9529796,
        "idle": 135414125,
        "irq": 98265
      },
      {
        "model": "Intel(R) Core(TM) i7-8550U CPU @ 1.80GHz",
        "speed": 1992,
        "user": 24282000,
        "nice": 0,
        "sys": 8396281,
        "idle": 134690468,
        "irq": 53000
      },
      {
        "model": "Intel(R) Core(TM) i7-8550U CPU @ 1.80GHz",
        "speed": 1992,
        "user": 36118156,
        "nice": 0,
        "sys": 11923906,
        "idle": 119326625,
        "irq": 78812
      },
      {
        "model": "Intel(R) Core(TM) i7-8550U CPU @ 1.80GHz",
        "speed": 1992,
        "user": 45533359,
        "nice": 0,
        "sys": 13552531,
        "idle": 108282875,
        "irq": 43921
      }
    ],
    "networkInterfaces": [
      {
        "name": "Wi-Fi",
        "internal": false,
        "mac": "b0:52:16:74:a3:69",
        "address": "fe80::2dfc:43d1:d7dd:920e",
        "netmask": "ffff:ffff:ffff:ffff::",
        "family": "IPv6",
        "scopeid": 23
      },
      {
        "name": "Wi-Fi",
        "internal": false,
        "mac": "b0:52:16:74:a3:69",
        "address": "192.168.1.161",
        "netmask": "255.255.255.0",
        "family": "IPv4"
      },
      {
        "name": "Loopback Pseudo-Interface 1",
        "internal": true,
        "mac": "00:00:00:00:00:00",
        "address": "::1",
        "netmask": "ffff:ffff:ffff:ffff:ffff:ffff:ffff:ffff",
        "family": "IPv6",
        "scopeid": 0
      },
      {
        "name": "Loopback Pseudo-Interface 1",
        "internal": true,
        "mac": "00:00:00:00:00:00",
        "address": "127.0.0.1",
        "netmask": "255.0.0.0",
        "family": "IPv4"
      },
      {
        "name": "vEthernet (Default Switch)",
        "internal": false,
        "mac": "00:15:5d:40:44:1a",
        "address": "fe80::35ca:14e7:5fe3:3621",
        "netmask": "ffff:ffff:ffff:ffff::",
        "family": "IPv6",
        "scopeid": 49
      },
      {
        "name": "vEthernet (Default Switch)",
        "internal": false,
        "mac": "00:15:5d:40:44:1a",
        "address": "172.17.231.177",
        "netmask": "255.255.255.240",
        "family": "IPv4"
      }
    ],
    "host": "DESKTOP-5RPTN5B"
  },
  "javascriptStack": {
    "message": "No stack.",
    "stack": [
      "Unavailable."
    ]
  },
  "nativeStack": [
    {
      "pc": "0x00007ff7af151759",
      "symbol": "std::basic_ostream<char,std::char_traits<char> >::operator<<+10873"
    },
    {
      "pc": "0x00007ff7af155b7c",
      "symbol": "std::basic_ostream<char,std::char_traits<char> >::operator<<+28316"
    },
    {
      "pc": "0x00007ff7af154b38",
      "symbol": "std::basic_ostream<char,std::char_traits<char> >::operator<<+24152"
    },
    {
      "pc": "0x00007ff7af24433b",
      "symbol": "v8::base::CPU::has_sse+37723"
    },
    {
      "pc": "0x00007ff7afa48c5e",
      "symbol": "v8::Isolate::ReportExternalAllocationLimitReached+94"
    },
    {
      "pc": "0x00007ff7afa30ca1",
      "symbol": "v8::SharedArrayBuffer::Externalize+833"
    },
    {
      "pc": "0x00007ff7af8fe56c",
      "symbol": "v8::internal::Heap::EphemeronKeyWriteBarrierFromCode+1436"
    },
    {
      "pc": "0x00007ff7af8d0f79",
      "symbol": "v8::internal::ConcurrentBitmap<1>::IsClean+35049"
    },
    {
      "pc": "0x00007ff7af8e4b6e",
      "symbol": "v8::internal::InvalidatedSlotsFilter::IsValid+31854"
    },
    {
      "pc": "0x00007ff7af8db711",
      "symbol": "v8::internal::MarkCompactCollector::EnsureSweepingCompleted+6273"
    },
    {
      "pc": "0x00007ff7af8e3942",
      "symbol": "v8::internal::InvalidatedSlotsFilter::IsValid+27202"
    },
    {
      "pc": "0x00007ff7af8e592e",
      "symbol": "v8::internal::InvalidatedSlotsFilter::IsValid+35374"
    },
    {
      "pc": "0x00007ff7af8ea072",
      "symbol": "v8::internal::ItemParallelJob::Task::RunInternal+18"
    },
    {
      "pc": "0x00007ff7af8e9ffa",
      "symbol": "v8::internal::ItemParallelJob::Run+666"
    },
    {
      "pc": "0x00007ff7af8ca278",
      "symbol": "v8::internal::ConcurrentBitmap<1>::IsClean+7144"
    },
    {
      "pc": "0x00007ff7af8dbb98",
      "symbol": "v8::internal::MarkCompactCollector::EnsureSweepingCompleted+7432"
    },
    {
      "pc": "0x00007ff7af8da3f4",
      "symbol": "v8::internal::MarkCompactCollector::EnsureSweepingCompleted+1380"
    },
    {
      "pc": "0x00007ff7af8d885b",
      "symbol": "v8::internal::ConcurrentBitmap<1>::IsClean+65995"
    },
    {
      "pc": "0x00007ff7af903edd",
      "symbol": "v8::internal::Heap::LeftTrimFixedArray+1117"
    },
    {
      "pc": "0x00007ff7af905be4",
      "symbol": "v8::internal::Heap::PageFlagsAreConsistent+1060"
    },
    {
      "pc": "0x00007ff7af8fbcd3",
      "symbol": "v8::internal::Heap::CollectGarbage+1283"
    },
    {
      "pc": "0x00007ff7af8fa4a4",
      "symbol": "v8::internal::Heap::AddRetainedMap+2356"
    },
    {
      "pc": "0x00007ff7af91b775",
      "symbol": "v8::internal::Factory::NewFillerObject+53"
    },
    {
      "pc": "0x00007ff7af687a49",
      "symbol": "v8::internal::interpreter::JumpTableTargetOffsets::iterator::operator=+4057"
    },
    {
      "pc": "0x00007ff7afe7463d",
      "symbol": "v8::internal::SetupIsolateDelegate::SetupHeap+567949"
    },
    {
      "pc": "0x0000039ab67b67e9",
      "symbol": ""
    }
  ],
  "javascriptHeap": {
    "totalMemory": 437669888,
    "totalCommittedMemory": 437669888,
    "usedMemory": 391063264,
    "availableMemory": 17021880,
    "memoryLimit": 2197815296,
    "heapSpaces": {
      "read_only_space": {
        "memorySize": 262144,
        "committedMemory": 262144,
        "capacity": 261872,
        "used": 32296,
        "available": 229576
      },
      "new_space": {
        "memorySize": 33554432,
        "committedMemory": 33554432,
        "capacity": 16759808,
        "used": 16727312,
        "available": 32496
      },
      "old_space": {
        "memorySize": 0,
        "committedMemory": 0,
        "capacity": 0,
        "used": 0,
        "available": 0
      },
      "code_space": {
        "memorySize": 4882432,
        "committedMemory": 4882432,
        "capacity": 4270208,
        "used": 4270208,
        "available": 0
      },
      "map_space": {
        "memorySize": 38801408,
        "committedMemory": 38801408,
        "capacity": 10596480,
        "used": 10596480,
        "available": 0
      },
      "large_object_space": {
        "memorySize": 359354368,
        "committedMemory": 359354368,
        "capacity": 358710248,
        "used": 358710248,
        "available": 0
      },
      "code_large_object_space": {
        "memorySize": 815104,
        "committedMemory": 815104,
        "capacity": 726720,
        "used": 726720,
        "available": 0
      },
      "new_large_object_space": {
        "memorySize": 0,
        "committedMemory": 0,
        "capacity": 16759808,
        "used": 0,
        "available": 16759808
      }
    }
  },
  "resourceUsage": {
    "userCpuSeconds": 238.546,
    "kernelCpuSeconds": 15.062,
    "cpuConsumptionPercent": 105.67,
    "maxRss": 2311622656,
    "pageFaults": {
      "IORequired": 1705188,
      "IONotRequired": 0
    },
    "fsActivity": {
      "reads": 10550,
      "writes": 14889
    }
  },
  "libuv": [
  ],
  "environmentVariables": {
    "=C:": "C:\\Users\\DamienKelly\\Desktop\\ReportingWidget",
    "ACLOCAL_PATH": "C:\\Program Files\\Git\\mingw64\\share\\aclocal;C:\\Program Files\\Git\\usr\\share\\aclocal",
    "ALLUSERSPROFILE": "C:\\ProgramData",
    "APPDATA": "C:\\Users\\DamienKelly\\AppData\\Roaming",
    "COMMONPROGRAMFILES": "C:\\Program Files\\Common Files",
    "CommonProgramFiles(x86)": "C:\\Program Files (x86)\\Common Files",
    "CommonProgramW6432": "C:\\Program Files\\Common Files",
    "COMPUTERNAME": "DESKTOP-5RPTN5B",
    "COMSPEC": "C:\\WINDOWS\\system32\\cmd.exe",
    "CONFIG_SITE": "C:/Program Files/Git/mingw64/etc/config.site",
    "DISPLAY": "needs-to-be-defined",
    "DOCKER_REPO": "ocir.io",
    "DriverData": "C:\\Windows\\System32\\Drivers\\DriverData",
    "EXEPATH": "C:\\Program Files\\Git",
    "HOME": "C:\\Users\\DamienKelly",
    "HOMEDRIVE": "C:",
    "HOMEPATH": "\\Users\\DamienKelly",
    "HOSTNAME": "DESKTOP-5RPTN5B",
    "INFOPATH": "C:\\Program Files\\Git\\usr\\local\\info;C:\\Program Files\\Git\\usr\\share\\info;C:\\Program Files\\Git\\usr\\info;C:\\Program Files\\Git\\share\\info",
    "INIT_CWD": "C:\\Users\\DamienKelly\\Desktop\\ReportingWidget",
    "JAVA_HOME": "C:\\Program Files\\Java\\jdk1.8.0_151",
    "KUBERNETES_REPORTING_NAMESPACE": "default",
    "LANG": "en_US.UTF-8",
    "LOCALAPPDATA": "C:\\Users\\DamienKelly\\AppData\\Local",
    "LOGONSERVER": "\\\\DESKTOP-5RPTN5B",
    "M2_HOME": "C:\\Program Files\\Apache\\apache-maven-3.6.3",
    "MANPATH": "C:\\Program Files\\Git\\mingw64\\share\\man;C:\\Program Files\\Git\\usr\\local\\man;C:\\Program Files\\Git\\usr\\share\\man;C:\\Program Files\\Git\\usr\\man;C:\\Program Files\\Git\\share\\man",
    "MAVEN_HOME": "C:\\Program Files\\Apache\\apache-maven-3.6.3",
    "MINGW_CHOST": "x86_64-w64-mingw32",
    "MINGW_PACKAGE_PREFIX": "mingw-w64-x86_64",
    "MINGW_PREFIX": "C:/Program Files/Git/mingw64",
    "MSYSTEM": "MINGW64",
    "MSYSTEM_CARCH": "x86_64",
    "MSYSTEM_CHOST": "x86_64-w64-mingw32",
    "MSYSTEM_PREFIX": "C:/Program Files/Git/mingw64",
    "NODE": "C:\\Program Files\\nodejs\\node.exe",
    "npm_config_access": "",
    "npm_config_allow_same_version": "",
    "npm_config_also": "",
    "npm_config_always_auth": "",
    "npm_config_argv": "{\"remain\":[],\"cooked\":[\"run\",\"build-app\"],\"original\":[\"run\",\"build-app\"]}",
    "npm_config_audit": "true",
    "npm_config_audit_level": "low",
    "npm_config_auth_type": "legacy",
    "npm_config_before": "",
    "npm_config_bin_links": "true",
    "npm_config_browser": "",
    "npm_config_ca": "",
    "npm_config_cache": "C:\\Users\\DamienKelly\\AppData\\Roaming\\npm-cache",
    "npm_config_cache_lock_retries": "10",
    "npm_config_cache_lock_stale": "60000",
    "npm_config_cache_lock_wait": "10000",
    "npm_config_cache_max": "Infinity",
    "npm_config_cache_min": "10",
    "npm_config_cafile": "",
    "npm_config_cert": "",
    "npm_config_cidr": "",
    "npm_config_color": "true",
    "npm_config_commit_hooks": "true",
    "npm_config_depth": "Infinity",
    "npm_config_description": "true",
    "npm_config_dev": "",
    "npm_config_dry_run": "",
    "npm_config_editor": "notepad.exe",
    "npm_config_engine_strict": "",
    "npm_config_fetch_retries": "2",
    "npm_config_fetch_retry_factor": "10",
    "npm_config_fetch_retry_maxtimeout": "60000",
    "npm_config_fetch_retry_mintimeout": "10000",
    "npm_config_force": "",
    "npm_config_format_package_lock": "true",
    "npm_config_fund": "true",
    "npm_config_git": "git",
    "npm_config_git_tag_version": "true",
    "npm_config_global": "",
    "npm_config_globalconfig": "C:\\Users\\DamienKelly\\AppData\\Roaming\\npm\\etc\\npmrc",
    "npm_config_globalignorefile": "C:\\Users\\DamienKelly\\AppData\\Roaming\\npm\\etc\\npmignore",
    "npm_config_global_style": "",
    "npm_config_group": "",
    "npm_config_ham_it_up": "",
    "npm_config_heading": "npm",
    "npm_config_https_proxy": "",
    "npm_config_if_present": "",
    "npm_config_ignore_prepublish": "",
    "npm_config_ignore_scripts": "",
    "npm_config_init_author_email": "",
    "npm_config_init_author_name": "",
    "npm_config_init_author_url": "",
    "npm_config_init_license": "ISC",
    "npm_config_init_module": "C:\\Users\\DamienKelly\\.npm-init.js",
    "npm_config_init_version": "1.0.0",
    "npm_config_json": "",
    "npm_config_key": "",
    "npm_config_legacy_bundling": "",
    "npm_config_link": "",
    "npm_config_local_address": "",
    "npm_config_loglevel": "notice",
    "npm_config_logs_max": "10",
    "npm_config_long": "",
    "npm_config_maxsockets": "50",
    "npm_config_message": "%s",
    "npm_config_metrics_registry": "https://registry.npmjs.org/",
    "npm_config_node_gyp": "C:\\Program Files\\nodejs\\node_modules\\npm\\node_modules\\node-gyp\\bin\\node-gyp.js",
    "npm_config_node_options": "",
    "npm_config_node_version": "12.14.1",
    "npm_config_noproxy": "",
    "npm_config_offline": "",
    "npm_config_onload_script": "",
    "npm_config_only": "",
    "npm_config_optional": "true",
    "npm_config_otp": "",
    "npm_config_package_lock": "true",
    "npm_config_package_lock_only": "",
    "npm_config_parseable": "",
    "npm_config_prefer_offline": "",
    "npm_config_prefer_online": "",
    "npm_config_prefix": "C:\\Users\\DamienKelly\\AppData\\Roaming\\npm",
    "npm_config_preid": "",
    "npm_config_production": "",
    "npm_config_progress": "true",
    "npm_config_proxy": "",
    "npm_config_read_only": "",
    "npm_config_rebuild_bundle": "true",
    "npm_config_registry": "https://registry.npmjs.org/",
    "npm_config_rollback": "true",
    "npm_config_save": "true",
    "npm_config_save_bundle": "",
    "npm_config_save_dev": "",
    "npm_config_save_exact": "",
    "npm_config_save_optional": "",
    "npm_config_save_prefix": "^",
    "npm_config_save_prod": "",
    "npm_config_scope": "",
    "npm_config_scripts_prepend_node_path": "warn-only",
    "npm_config_script_shell": "",
    "npm_config_searchexclude": "",
    "npm_config_searchlimit": "20",
    "npm_config_searchopts": "",
    "npm_config_searchstaleness": "900",
    "npm_config_send_metrics": "",
    "npm_config_shell": "C:\\WINDOWS\\system32\\cmd.exe",
    "npm_config_shrinkwrap": "true",
    "npm_config_sign_git_commit": "",
    "npm_config_sign_git_tag": "",
    "npm_config_sso_poll_frequency": "500",
    "npm_config_sso_type": "oauth",
    "npm_config_strict_ssl": "true",
    "npm_config_tag": "latest",
    "npm_config_tag_version_prefix": "v",
    "npm_config_timing": "",
    "npm_config_tmp": "C:\\Users\\DamienKelly\\AppData\\Local\\Temp",
    "npm_config_umask": "0000",
    "npm_config_unicode": "",
    "npm_config_unsafe_perm": "true",
    "npm_config_update_notifier": "true",
    "npm_config_usage": "",
    "npm_config_user": "",
    "npm_config_userconfig": "C:\\Users\\DamienKelly\\.npmrc",
    "npm_config_user_agent": "npm/6.13.4 node/v12.14.1 win32 x64",
    "npm_config_version": "",
    "npm_config_versions": "",
    "npm_config_viewer": "browser",
    "npm_execpath": "C:\\Program Files\\nodejs\\node_modules\\npm\\bin\\npm-cli.js",
    "npm_lifecycle_event": "build-app",
    "npm_lifecycle_script": "ng build --prod --sourceMap=true",
    "npm_node_execpath": "C:\\Program Files\\nodejs\\node.exe",
    "npm_package_dependencies_ag_grid_angular": "^19.1.2",
    "npm_package_dependencies_ag_grid_community": "^19.1.4",
    "npm_package_dependencies_ag_grid_enterprise": "^19.1.4",
    "npm_package_dependencies_angular_material_sidenav": "^0.1.1",
    "npm_package_dependencies_animejs": "^2.2.0",
    "npm_package_dependencies_antlr4": "^4.7.2",
    "npm_package_dependencies_aws_amplify": "^2.2.2",
    "npm_package_dependencies_aws_amplify_angular": "^4.1.3",
    "npm_package_dependencies_bintrees": "^1.0.2",
    "npm_package_dependencies_color": "^2.0.1",
    "npm_package_dependencies_core_js": "^2.6.1",
    "npm_package_dependencies_css_element_queries": "github:marcj/css-element-queries",
    "npm_package_dependencies_d3": "^5.9.7",
    "npm_package_dependencies_d3_array": "^2.3.2",
    "npm_package_dependencies_d3_collection": "^1.0.7",
    "npm_package_dependencies_d3_path": "^1.0.8",
    "npm_package_dependencies_d3_sankey": "^0.12.3",
    "npm_package_dependencies_d3_shape": "^1.3.5",
    "npm_package_dependencies_document_register_element": "^1.13.1",
    "npm_package_dependencies_functional_red_black_tree": "^1.0.1",
    "npm_package_dependencies_gridstack": "^0.3.0",
    "npm_package_dependencies_hammerjs": "^2.0.8",
    "npm_package_dependencies_highcharts": "^6.2.0",
    "npm_package_dependencies_highcharts_custom_events": "^2.2.2",
    "npm_package_dependencies_highcharts_pattern_fill": "^3.0.3",
    "npm_package_dependencies_immutable": "^3.8.2",
    "npm_package_dependencies_jasmine": "^2.8.0",
    "npm_package_dependencies_jquery": "^3.3.1",
    "npm_package_dependencies_jspdf": "^1.5.3",
    "npm_package_dependencies_jspdf_autotable": "^2.3.5",
    "npm_package_dependencies_lodash": "^4.17.11",
    "npm_package_dependencies_moment": "^2.23.0",
    "npm_package_dependencies_ng2_dragula": "^1.5.0",
    "npm_package_dependencies_ngx_color_picker": "^6.8.0",
    "npm_package_dependencies_ng_pick_datetime": "^6.0.16",
    "npm_package_dependencies_ng_pick_datetime_moment": "1.0.7",
    "npm_package_dependencies_normalizr": "^3.3.0",
    "npm_package_dependencies_nvd3": "^1.8.6",
    "npm_package_dependencies_proj4": "^2.5.0",
    "npm_package_dependencies_rxjs": "^6.3.3",
    "npm_package_dependencies_sockjs_client": "^1.3.0",
    "npm_package_dependencies_sonar_scanner": "^3.0.3",
    "npm_package_dependencies_stompjs": "^2.3.3",
    "npm_package_dependencies_uuid": "^3.3.2",
    "npm_package_dependencies_webdriver_manager": "^12.1.1",
    "npm_package_dependencies_xlsx": "^0.12.13",
    "npm_package_dependencies_yum": "^0.1.1",
    "npm_package_dependencies_zone_js": "^0.8.26",
    "npm_package_dependencies__angular_animations": "^6.1.10",
    "npm_package_dependencies__angular_cdk": "^6.4.7",
    "npm_package_dependencies__angular_common": "^6.1.10",
    "npm_package_dependencies__angular_compiler": "^6.1.10",
    "npm_package_dependencies__angular_core": "^6.1.10",
    "npm_package_dependencies__angular_elements": "^6.1.10",
    "npm_package_dependencies__angular_flex_layout": "^6.0.0-beta.18",
    "npm_package_dependencies__angular_forms": "^6.1.10",
    "npm_package_dependencies__angular_http": "^6.1.10",
    "npm_package_dependencies__angular_material": "^6.4.7",
    "npm_package_dependencies__angular_material_moment_adapter": "^8.1.1",
    "npm_package_dependencies__angular_platform_browser": "^6.1.10",
    "npm_package_dependencies__angular_platform_browser_dynamic": "^6.1.10",
    "npm_package_dependencies__angular_platform_webworker": "^6.1.10",
    "npm_package_dependencies__angular_platform_webworker_dynamic": "^6.1.10",
    "npm_package_dependencies__angular_router": "^6.1.10",
    "npm_package_dependencies__ngrx_effects": "^6.1.2",
    "npm_package_dependencies__ngrx_router_store": "^6.1.2",
    "npm_package_dependencies__ngrx_store": "^6.1.2",
    "npm_package_dependencies__ngx_translate_core": "^10.0.2",
    "npm_package_dependencies__ngx_translate_http_loader": "^3.0.1",
    "npm_package_description": "This project was generated and ejected with [Angular CLI](https://github.com/angular/angular-cli) version 1.7.4.",
    "npm_package_devDependencies_angular_playground": "^5.7.0",
    "npm_package_devDependencies_body_parser": "^1.18.2",
    "npm_package_devDependencies_codelyzer": "^4.5.0",
    "npm_package_devDependencies_cors": "^2.8.5",
    "npm_package_devDependencies_express": "^4.16.4",
    "npm_package_devDependencies_http_server": "^0.11.1",
    "npm_package_devDependencies_istanbul_instrumenter_loader": "^3.0.0",
    "npm_package_devDependencies_jasmine_core": "~2.99.1",
    "npm_package_devDependencies_jasmine_marbles": "^0.3.1",
    "npm_package_devDependencies_jasmine_spec_reporter": "~4.2.1",
    "npm_package_devDependencies_jquery_ui_dist": "^1.12.1",
    "npm_package_devDependencies_json_server": "^0.12.0",
    "npm_package_devDependencies_karma": "^1.7.1",
    "npm_package_devDependencies_karma_chrome_launcher": "~2.2.0",
    "npm_package_devDependencies_karma_coverage_istanbul_reporter": "^1.4.3",
    "npm_package_devDependencies_karma_jasmine": "~1.1.1",
    "npm_package_devDependencies_karma_jasmine_html_reporter": "^0.2.2",
    "npm_package_devDependencies_nexus_deployer": "^0.1.8",
    "npm_package_devDependencies_nodemon": "^1.18.9",
    "npm_package_devDependencies_node_sass": "^4.5.3",
    "npm_package_devDependencies_npm_run_all": "^4.1.5",
    "npm_package_devDependencies_protractor": "~5.3.0",
    "npm_package_devDependencies_puppeteer": "^0.12.0",
    "npm_package_devDependencies_request": "^2.88.0",
    "npm_package_devDependencies_rimraf": "^2.6.3",
    "npm_package_devDependencies_shelljs": "^0.8.3",
    "npm_package_devDependencies_sockjs": "^0.3.19",
    "npm_package_devDependencies_tslint": "~5.9.1",
    "npm_package_devDependencies_ts_node": "^5.0.1",
    "npm_package_devDependencies_typescript": "~2.9.2",
    "npm_package_devDependencies__angular_cli": "^6.2.9",
    "npm_package_devDependencies__angular_compiler_cli": "^6.1.10",
    "npm_package_devDependencies__angular_devkit_build_angular": "^0.6.8",
    "npm_package_devDependencies__angular_language_service": "^6.1.10",
    "npm_package_devDependencies__compodoc_compodoc": "^1.1.7",
    "npm_package_devDependencies__ngrx_store_devtools": "^6.1.2",
    "npm_package_devDependencies__types_d3": "^5.7.2",
    "npm_package_devDependencies__types_d3_sankey": "^0.11.0",
    "npm_package_devDependencies__types_d3_tip": "^3.5.5",
    "npm_package_devDependencies__types_express": "^4.16.0",
    "npm_package_devDependencies__types_jasmine": "^2.8.14",
    "npm_package_devDependencies__types_jasminewd2": "^2.0.6",
    "npm_package_devDependencies__types_jquery": "^3.3.29",
    "npm_package_devDependencies__types_node": "^8.10.39",
    "npm_package_gitHead": "0bbb0b613a0d28675f9b5775878c35c5e205db53",
    "npm_package_license": "MIT",
    "npm_package_name": "reporting-widget",
    "npm_package_private": "false",
    "npm_package_publishConfig_registry": "http://5.10.79.243:8081/repository/npm-snapshot/",
    "npm_package_readmeFilename": "README.md",
    "npm_package_scripts_assets_server": "http-server ./src/assets -p 1234 --cors -c-1",
    "npm_package_scripts_build": "npm-run-all --sequential build-worker build-app clean",
    "npm_package_scripts_build_app": "ng build --prod --sourceMap=true",
    "npm_package_scripts_build_doc": "compodoc -p src/tsconfig.app.json -d doc/page --includes doc/md",
    "npm_package_scripts_build_embedded": "ng build embedded --prod && node ./scripts/concat-embedded-app.js",
    "npm_package_scripts_build_server_ts": "tsc --project ./backend/realtime",
    "npm_package_scripts_build_worker": "ng build worker --prod",
    "npm_package_scripts_clean": "rimraf ./src/assets/js/worker ./dist/app/assets/js/worker/index.html",
    "npm_package_scripts_coverage": "ng test --watch=false --code-coverage",
    "npm_package_scripts_dev": "npm-run-all --parallel start start:backend:sample watch-server",
    "npm_package_scripts_e2e": "protractor ./protractor.conf.js",
    "npm_package_scripts_http_server": "http-server",
    "npm_package_scripts_lint": "ng lint",
    "npm_package_scripts_ng": "ng",
    "npm_package_scripts_playground": "angular-playground",
    "npm_package_scripts_pree2e": "webdriver-manager update --standalone false --gecko false --quiet",
    "npm_package_scripts_serve": "ng s --host 0.0.0.0",
    "npm_package_scripts_start": "npm-run-all --parallel serve watch-worker assets-server",
    "npm_package_scripts_start_backend": "json-server --watch backend/db-local.json --port 3000",
    "npm_package_scripts_start_backend_sample": "json-server --watch backend/db-sample.json --port 3000",
    "npm_package_scripts_test": "ng test",
    "npm_package_scripts_test_integration": "ng test --browsers chrome_without_security",
    "npm_package_scripts_watch": "npm-run-all --parallel start:backend:sample watch-server start",
    "npm_package_scripts_watch_server": "npm-run-all build-server-ts --parallel watch-server-ts watch-server-node",
    "npm_package_scripts_watch_server_node": "nodemon --watch ./backend/realtime/dist/out-tsc/backend/realtime/src ./backend/realtime/dist/out-tsc/backend/realtime/src/server.js",
    "npm_package_scripts_watch_server_ts_": "tsc --watch --project ./backend/realtime",
    "npm_package_scripts_watch_worker": "ng build worker --watch",
    "npm_package_version": "1.0.1",
    "NUMBER_OF_PROCESSORS": "8",
    "OLDPWD": "C:/Users/DamienKelly/Desktop",
    "OneDrive": "C:\\Users\\DamienKelly\\OneDrive - Joulica",
    "OneDriveCommercial": "C:\\Users\\DamienKelly\\OneDrive - Joulica",
    "ORIGINAL_PATH": "C:\\Program Files\\Git\\mingw64\\bin;C:\\Program Files\\Git\\usr\\bin;C:\\Users\\DamienKelly\\bin;C:\\Program Files (x86)\\Common Files\\Oracle\\Java\\javapath;C:\\ProgramData\\Oracle\\Java\\javapath;C:\\WINDOWS\\system32;C:\\WINDOWS;C:\\WINDOWS\\System32\\Wbem;C:\\WINDOWS\\System32\\WindowsPowerShell\\v1.0;C:\\Program Files\\Java\\jdk1.8.0_151\\bin;C:\\Program Files\\Git\\cmd;C:\\Program Files\\Cloud Foundry;C:\\Program Files\\Apache\\apache-maven-3.6.3\\bin;C:\\Program Files\\PuTTY;C:\\WINDOWS\\System32\\OpenSSH;C:\\Program Files\\Microsoft VS Code\\bin;C:\\Program Files (x86)\\Intel\\Intel(R) Management Engine Components\\DAL;C:\\Program Files\\Intel\\Intel(R) Management Engine Components\\DAL;C:\\Program Files\\Helm;C:\\Program Files\\Kubectl\\kubectl.exe;C:\\Program Files\\Docker\\Docker\\resources\\bin;C:\\ProgramData\\DockerDesktop\\version-bin;C:\\Program Files\\nodejs;C:\\Users\\DamienKelly\\bin;C:\\Users\\DamienKelly\\AppData\\Local\\Microsoft\\WindowsApps;C:\\Program Files\\Microsoft VS Code\\bin;C:\\Program Files\\Java\\jdk1.8.0_151;C:\\Program Files\\Kubectl\\kubectl.exe;C:\\Users\\DamienKelly\\AppData\\Roaming\\npm",
    "ORIGINAL_TEMP": "C:/Users/DamienKelly/AppData/Local/Temp",
    "ORIGINAL_TMP": "C:/Users/DamienKelly/AppData/Local/Temp",
    "OS": "Windows_NT",
    "PATH": "C:\\Program Files\\nodejs\\node_modules\\npm\\node_modules\\npm-lifecycle\\node-gyp-bin;C:\\Users\\DamienKelly\\Desktop\\ReportingWidget\\node_modules\\.bin;C:\\Program Files\\nodejs\\node_modules\\npm\\node_modules\\npm-lifecycle\\node-gyp-bin;C:\\Users\\DamienKelly\\Desktop\\ReportingWidget\\node_modules\\.bin;C:\\Users\\DamienKelly\\bin;C:\\Program Files\\Git\\mingw64\\bin;C:\\Program Files\\Git\\usr\\local\\bin;C:\\Program Files\\Git\\usr\\bin;C:\\Program Files\\Git\\usr\\bin;C:\\Program Files\\Git\\mingw64\\bin;C:\\Program Files\\Git\\usr\\bin;C:\\Users\\DamienKelly\\bin;C:\\Program Files (x86)\\Common Files\\Oracle\\Java\\javapath;C:\\ProgramData\\Oracle\\Java\\javapath;C:\\WINDOWS\\system32;C:\\WINDOWS;C:\\WINDOWS\\System32\\Wbem;C:\\WINDOWS\\System32\\WindowsPowerShell\\v1.0;C:\\Program Files\\Java\\jdk1.8.0_151\\bin;C:\\Program Files\\Git\\cmd;C:\\Program Files\\Cloud Foundry;C:\\Program Files\\Apache\\apache-maven-3.6.3\\bin;C:\\Program Files\\PuTTY;C:\\WINDOWS\\System32\\OpenSSH;C:\\Program Files\\Microsoft VS Code\\bin;C:\\Program Files (x86)\\Intel\\Intel(R) Management Engine Components\\DAL;C:\\Program Files\\Intel\\Intel(R) Management Engine Components\\DAL;C:\\Program Files\\Helm;C:\\Program Files\\Kubectl\\kubectl.exe;C:\\Program Files\\Docker\\Docker\\resources\\bin;C:\\ProgramData\\DockerDesktop\\version-bin;C:\\Program Files\\nodejs;C:\\Users\\DamienKelly\\bin;C:\\Users\\DamienKelly\\AppData\\Local\\Microsoft\\WindowsApps;C:\\Program Files\\Microsoft VS Code\\bin;C:\\Program Files\\Java\\jdk1.8.0_151;C:\\Program Files\\Kubectl\\kubectl.exe;C:\\Users\\DamienKelly\\AppData\\Roaming\\npm;C:\\Program Files\\Git\\usr\\bin\\vendor_perl;C:\\Program Files\\Git\\usr\\bin\\core_perl",
    "Path": "C:\\Program Files\\nodejs\\node_modules\\npm\\node_modules\\npm-lifecycle\\node-gyp-bin;C:\\Users\\DamienKelly\\Desktop\\ReportingWidget\\node_modules\\.bin;C:\\Program Files\\nodejs\\node_modules\\npm\\node_modules\\npm-lifecycle\\node-gyp-bin;C:\\Users\\DamienKelly\\Desktop\\ReportingWidget\\node_modules\\.bin;C:\\Users\\DamienKelly\\bin;C:\\Program Files\\Git\\mingw64\\bin;C:\\Program Files\\Git\\usr\\local\\bin;C:\\Program Files\\Git\\usr\\bin;C:\\Program Files\\Git\\usr\\bin;C:\\Program Files\\Git\\mingw64\\bin;C:\\Program Files\\Git\\usr\\bin;C:\\Users\\DamienKelly\\bin;C:\\Program Files (x86)\\Common Files\\Oracle\\Java\\javapath;C:\\ProgramData\\Oracle\\Java\\javapath;C:\\WINDOWS\\system32;C:\\WINDOWS;C:\\WINDOWS\\System32\\Wbem;C:\\WINDOWS\\System32\\WindowsPowerShell\\v1.0;C:\\Program Files\\Java\\jdk1.8.0_151\\bin;C:\\Program Files\\Git\\cmd;C:\\Program Files\\Cloud Foundry;C:\\Program Files\\Apache\\apache-maven-3.6.3\\bin;C:\\Program Files\\PuTTY;C:\\WINDOWS\\System32\\OpenSSH;C:\\Program Files\\Microsoft VS Code\\bin;C:\\Program Files (x86)\\Intel\\Intel(R) Management Engine Components\\DAL;C:\\Program Files\\Intel\\Intel(R) Management Engine Components\\DAL;C:\\Program Files\\Helm;C:\\Program Files\\Kubectl\\kubectl.exe;C:\\Program Files\\Docker\\Docker\\resources\\bin;C:\\ProgramData\\DockerDesktop\\version-bin;C:\\Program Files\\nodejs;C:\\Users\\DamienKelly\\bin;C:\\Users\\DamienKelly\\AppData\\Local\\Microsoft\\WindowsApps;C:\\Program Files\\Microsoft VS Code\\bin;C:\\Program Files\\Java\\jdk1.8.0_151;C:\\Program Files\\Kubectl\\kubectl.exe;C:\\Users\\DamienKelly\\AppData\\Roaming\\npm;C:\\Program Files\\Git\\usr\\bin\\vendor_perl;C:\\Program Files\\Git\\usr\\bin\\core_perl",
    "PATHEXT": ".COM;.EXE;.BAT;.CMD;.VBS;.VBE;.JSE;.WSF;.WSH;.MSC",
    "PKG_CONFIG_PATH": "C:\\Program Files\\Git\\mingw64\\lib\\pkgconfig;C:\\Program Files\\Git\\mingw64\\share\\pkgconfig",
    "PLINK_PROTOCOL": "ssh",
    "PROCESSOR_ARCHITECTURE": "AMD64",
    "PROCESSOR_IDENTIFIER": "Intel64 Family 6 Model 142 Stepping 10, GenuineIntel",
    "PROCESSOR_LEVEL": "6",
    "PROCESSOR_REVISION": "8e0a",
    "ProgramData": "C:\\ProgramData",
    "PROGRAMFILES": "C:\\Program Files",
    "ProgramFiles(x86)": "C:\\Program Files (x86)",
    "ProgramW6432": "C:\\Program Files",
    "PROMPT": "$P$G",
    "PSModulePath": "C:\\Program Files\\WindowsPowerShell\\Modules;C:\\WINDOWS\\system32\\WindowsPowerShell\\v1.0\\Modules",
    "PUBLIC": "C:\\Users\\Public",
    "PWD": "C:/Users/DamienKelly/Desktop/ReportingWidget",
    "REGION": "zrh",
    "SERVICES_FQDN": "zrh-dev-1-services.joulica.cloud",
    "SESSIONNAME": "Console",
    "SHELL": "C:\\Program Files\\Git\\usr\\bin\\bash.exe",
    "SHLVL": "2",
    "SSH_ASKPASS": "C:/Program Files/Git/mingw64/libexec/git-core/git-gui--askpass",
    "SYSTEMDRIVE": "C:",
    "SYSTEMROOT": "C:\\WINDOWS",
    "TEMP": "C:\\Users\\DamienKelly\\AppData\\Local\\Temp",
    "TERM": "xterm",
    "TMP": "C:\\Users\\DamienKelly\\AppData\\Local\\Temp",
    "TMPDIR": "C:\\Users\\DamienKelly\\AppData\\Local\\Temp",
    "USERDOMAIN": "AzureAD",
    "USERDOMAIN_ROAMINGPROFILE": "AzureAD",
    "USERNAME": "DamienKelly",
    "USERPROFILE": "C:\\Users\\DamienKelly",
    "WINDIR": "C:\\WINDOWS",
    "_": "C:/Program Files/nodejs/node.exe"
  },
  "sharedObjects": [
    "C:\\Program Files\\nodejs\\node.exe",
    "C:\\WINDOWS\\SYSTEM32\\ntdll.dll",
    "C:\\WINDOWS\\System32\\KERNEL32.DLL",
    "C:\\WINDOWS\\System32\\KERNELBASE.dll",
    "C:\\WINDOWS\\System32\\WS2_32.dll",
    "C:\\WINDOWS\\System32\\RPCRT4.dll",
    "C:\\WINDOWS\\System32\\ADVAPI32.dll",
    "C:\\WINDOWS\\System32\\msvcrt.dll",
    "C:\\WINDOWS\\System32\\sechost.dll",
    "C:\\WINDOWS\\System32\\USER32.dll",
    "C:\\WINDOWS\\System32\\win32u.dll",
    "C:\\WINDOWS\\System32\\GDI32.dll",
    "C:\\WINDOWS\\System32\\gdi32full.dll",
    "C:\\WINDOWS\\System32\\msvcp_win.dll",
    "C:\\WINDOWS\\System32\\ucrtbase.dll",
    "C:\\WINDOWS\\System32\\PSAPI.DLL",
    "C:\\WINDOWS\\System32\\CRYPT32.dll",
    "C:\\WINDOWS\\System32\\MSASN1.dll",
    "C:\\WINDOWS\\System32\\bcrypt.dll",
    "C:\\WINDOWS\\SYSTEM32\\dbghelp.dll",
    "C:\\WINDOWS\\SYSTEM32\\IPHLPAPI.DLL",
    "C:\\WINDOWS\\SYSTEM32\\USERENV.dll",
    "C:\\WINDOWS\\System32\\profapi.dll",
    "C:\\WINDOWS\\SYSTEM32\\WINMM.dll",
    "C:\\WINDOWS\\SYSTEM32\\winmmbase.dll",
    "C:\\WINDOWS\\System32\\cfgmgr32.dll",
    "C:\\WINDOWS\\System32\\bcryptPrimitives.dll",
    "C:\\WINDOWS\\System32\\IMM32.DLL",
    "C:\\WINDOWS\\System32\\powrprof.dll",
    "C:\\WINDOWS\\System32\\UMPDC.dll",
    "C:\\WINDOWS\\SYSTEM32\\CRYPTBASE.DLL",
    "C:\\WINDOWS\\system32\\uxtheme.dll",
    "C:\\WINDOWS\\System32\\combase.dll",
    "C:\\WINDOWS\\system32\\mswsock.dll",
    "C:\\WINDOWS\\System32\\kernel.appcore.dll",
    "\\\\?\\C:\\Users\\DamienKelly\\Desktop\\ReportingWidget\\node_modules\\node-sass\\vendor\\win32-x64-72\\binding.node",
    "C:\\WINDOWS\\System32\\NSI.dll",
    "C:\\WINDOWS\\SYSTEM32\\dhcpcsvc6.DLL",
    "C:\\WINDOWS\\SYSTEM32\\dhcpcsvc.DLL",
    "C:\\WINDOWS\\SYSTEM32\\DNSAPI.dll",
    "C:\\WINDOWS\\system32\\napinsp.dll",
    "C:\\WINDOWS\\system32\\pnrpnsp.dll",
    "C:\\WINDOWS\\System32\\winrnr.dll",
    "C:\\WINDOWS\\system32\\NLAapi.dll",
    "C:\\WINDOWS\\system32\\wshbth.dll"
  ]
}